{
    // The tab key will cycle through the settings when first created
    // Visit http://wbond.net/sublime_packages/sftp/settings for help
    
    // sftp, ftp or ftps
    "type": "sftp",

    "sync_down_on_open": true,
    "sync_same_age": true,
    
    "host": "bahia.ugr.es",
    "user": "x75145459",
    "password": "d3la70rr3",
    "port": "22",
    
    "remote_path": "/home/x75145459/public_html/tienda/",
    "file_permissions": "664",
    "dir_permissions": "775",
    
    "extra_list_connections": 4,

    "connect_timeout": 30,
    //"keepalive": 120,
    //"ftp_passive_mode": true,
    //"ftp_obey_passive_host": false,
    //"ssh_key_file": "~/.ssh/id_rsa",
    //"sftp_flags": ["-F", "/path/to/ssh_config"],
    
    "preserve_modification_times": true,
    //"remote_time_offset_in_hours": 0,
    //"remote_encoding": "utf-8",
    //"remote_locale": "C",
    "allow_config_upload": false,

    // Causes Sublime SFTP to download the file 
    // (if the server version is newer)
    // whenever you open a file.
    "sync_down_on_open": true,
    
    // Turns off the confirmation of performing
    // sync operations when opening a file locally.
    "confirm_sync": true,

    // If files should be automatically uploaded when saved.
    // Files that match the "ignore_regex" pattern are not
    // automatically uploaded.
    "upload_on_save": true,

    // A list of regular expressions to compare with file
    // and folder paths to see if they should be ignored.
    // The complete path to the file or folder will be
    // compared to this regular expression. This uses
    // the Python re module, and regular expression must
    // be compatible with that. A literal backslash requires
    // four backslashes since both JSON and regular
    // expressions require backslashes to be escaped.
    // Default: ["\\.sublime-(project|workspace)", "sftp-config(-alt\\d?)?\\.json", "sftp-settings\\.json", "/venv/", "\\.svn", "\\.hg", "\\.git", "\\.bzr", "_darcs", "CVS", "\\.DS_Store", "Thumbs\\.db", "desktop\\.ini"]
    "ignore_regexes": ["\\.htaccess", "\\.json"]
}
